"Pheno_interest"	"Pheno_neighbour"	"Counts_all_colocalised_cells"	"Counts_at_least_one_colocalised_cell"	"Zscore_low"	"Zscore_high"	"Group"
"1"	"CD11b+PD-L1+ Granulocytes"	"CD11b+PD-L1+ Granulocytes"	156	76	76.4359803	99.37523139	"Both"
"2"	"CD11b+PD-L1+ Granulocytes"	"Regulatory T cells"	0	0	-0.463723456	-0.62791365	NA
"3"	"CD11b+PD-L1+ Granulocytes"	"B cells"	0	0	-0.601950103	1.611284222	NA
"4"	"CD11b+PD-L1+ Granulocytes"	"CD8+ T cells"	2	2	0.929621972	0.012834653	NA
"5"	"CD11b+PD-L1+ Granulocytes"	"CD38+ Plasma B cells"	1	1	-0.014676567	-2.21228256	NA
"6"	"CD11b+PD-L1+ Granulocytes"	"CD57+ Tumour cells"	14	8	-2.261610329	-4.993828505	NA
"7"	"CD11b+PD-L1+ Granulocytes"	"PDPN+ Stromal cells"	10	9	0.072045271	-2.898034716	NA
"8"	"CD11b+PD-L1+ Granulocytes"	"CD56+ Tumour cells"	41	31	-7.885131565	-9.305553525	NA
"9"	"CD11b+PD-L1+ Granulocytes"	"Vessels"	12	11	2.396271744	-2.085243756	NA
"10"	"CD11b+PD-L1+ Granulocytes"	"CD39+ Vessels"	33	19	4.897817546	2.684078346	NA
"11"	"CD11b+PD-L1+ Granulocytes"	"CD39+ Stromal cells"	3	3	0.272421373	-0.60301642	NA
"12"	"CD11b+PD-L1+ Granulocytes"	"CD163+HLA-DR+ Macrophages"	53	38	3.77388546	-2.925470459	NA
"13"	"CD11b+PD-L1+ Granulocytes"	"CD163+ Macrophages"	33	26	3.428081959	-0.135691246	NA
"14"	"CD11b+PD-L1+ Granulocytes"	"Tumour cells"	131	65	-11.89377648	-22.35645368	NA
"15"	"CD11b+PD-L1+ Granulocytes"	"Granulocytes"	48	40	17.70637806	34.64964649	"Both"
"16"	"CD11b+PD-L1+ Granulocytes"	"HLA-DR+ Macrophages"	8	5	2.176474672	-0.994593771	NA
"17"	"CD11b+PD-L1+ Granulocytes"	"Monocytes"	7	7	0.581559972	2.318504141	NA
"18"	"CD11b+PD-L1+ Granulocytes"	"HLA-DR+ Monocytes"	21	19	0.034568471	-1.771118639	NA
"19"	"CD11b+PD-L1+ Granulocytes"	"Stromal cells"	57	43	-0.659845178	-4.474147447	NA
"20"	"CD11b+PD-L1+ Granulocytes"	"Dendritic cells"	32	31	5.879295901	3.345817157	NA
"21"	"CD11b+PD-L1+ Granulocytes"	"T cells"	11	11	1.08889636	2.463489315	NA
"22"	"CD11b+PD-L1+ Granulocytes"	"CD4+ T cells"	23	17	5.967500401	0.164857703	NA
"23"	"CD11b+PD-L1+ Granulocytes"	"Ki-67+ T cells"	1	1	0.685262839	3.344006963	NA
"24"	"CD11b+PD-L1+ Granulocytes"	"Ki-67+ Stromal cells"	0	0	-0.71045281	-1.96991464	NA
"25"	"CD11b+PD-L1+ Granulocytes"	"CD56- Innate lymphoid cells"	1	1	2.112382514	1.798907936	NA
"26"	"CD11b+PD-L1+ Granulocytes"	"Immune cell aggregates"	39	33	11.49428943	9.07090721	"Low"
"27"	"CD11b+PD-L1+ Granulocytes"	"CD11c+CD163+HLA-DR+ Macrophages"	5	3	1.411501101	-0.407908689	NA
"28"	"CD11b+PD-L1+ Granulocytes"	"CD11c+HLA-DR+ Macrophages"	8	7	4.968217097	-1.448989074	NA
"29"	"Regulatory T cells"	"CD11b+PD-L1+ Granulocytes"	0	0	-0.685218998	-1.465068682	NA
"30"	"Regulatory T cells"	"Regulatory T cells"	0	0	-0.250001845	6.734357705	NA
"31"	"Regulatory T cells"	"B cells"	0	0	0	2.235786789	NA
"32"	"Regulatory T cells"	"CD8+ T cells"	0	0	-0.141321371	2.042011247	NA
"33"	"Regulatory T cells"	"CD38+ Plasma B cells"	0	0	-0.329873799	5.930037883	NA
"34"	"Regulatory T cells"	"CD57+ Tumour cells"	0	0	-1.851474254	-4.529004791	NA
"35"	"Regulatory T cells"	"PDPN+ Stromal cells"	3	2	1.871386381	2.105353872	NA
"36"	"Regulatory T cells"	"CD56+ Tumour cells"	7	3	-2.810155486	-6.348447108	NA
"37"	"Regulatory T cells"	"Vessels"	5	3	3.769925662	1.865899232	NA
"38"	"Regulatory T cells"	"CD39+ Vessels"	8	4	5.661393875	9.122695711	NA
"39"	"Regulatory T cells"	"CD39+ Stromal cells"	0	0	-0.586659626	11.46753251	"High"
"40"	"Regulatory T cells"	"CD163+HLA-DR+ Macrophages"	5	4	0.97736865	4.080812229	NA
"41"	"Regulatory T cells"	"CD163+ Macrophages"	2	2	0.127674635	3.00103189	NA
"42"	"Regulatory T cells"	"Tumour cells"	8	5	-7.588613407	-11.84221425	NA
"43"	"Regulatory T cells"	"Granulocytes"	1	1	1.468448652	-1.16195039	NA
"44"	"Regulatory T cells"	"HLA-DR+ Macrophages"	1	1	1.11314588	2.45842643	NA
"45"	"Regulatory T cells"	"Monocytes"	2	2	1.872220767	-0.214536197	NA
"46"	"Regulatory T cells"	"HLA-DR+ Monocytes"	8	7	2.874587055	1.761982819	NA
"47"	"Regulatory T cells"	"Stromal cells"	10	5	0.862398744	-4.22398721	NA
"48"	"Regulatory T cells"	"Dendritic cells"	5	3	2.864121875	1.82270915	NA
"49"	"Regulatory T cells"	"T cells"	7	6	6.198837455	6.147529787	NA
"50"	"Regulatory T cells"	"CD4+ T cells"	4	3	3.750890347	8.93323352	NA
"51"	"Regulatory T cells"	"Ki-67+ T cells"	0	0	-0.329873799	1.252796641	NA
"52"	"Regulatory T cells"	"Ki-67+ Stromal cells"	0	0	-0.141321371	-0.212014655	NA
"53"	"Regulatory T cells"	"CD56- Innate lymphoid cells"	1	1	4.847287696	0.975681493	NA
"54"	"Regulatory T cells"	"Immune cell aggregates"	4	3	4.647643167	7.404921208	NA
"55"	"Regulatory T cells"	"CD11c+CD163+HLA-DR+ Macrophages"	0	0	-0.522245027	2.743772301	NA
"56"	"Regulatory T cells"	"CD11c+HLA-DR+ Macrophages"	1	1	2.125209431	2.775323405	NA
"57"	"B cells"	"CD11b+PD-L1+ Granulocytes"	0	0	-0.547135186	0.917768033	NA
"58"	"B cells"	"Regulatory T cells"	0	0	-0.291813069	0.619446754	NA
"59"	"B cells"	"B cells"	92	23	185.4316823	79.27911525	"Both"
"60"	"B cells"	"CD8+ T cells"	2	2	9.896553372	1.651165045	NA
"61"	"B cells"	"CD38+ Plasma B cells"	0	0	-0.310576855	13.85840196	"High"
"62"	"B cells"	"CD57+ Tumour cells"	0	0	-1.495304568	-3.757523009	NA
"63"	"B cells"	"PDPN+ Stromal cells"	16	11	4.31093306	1.571714527	NA
"64"	"B cells"	"CD56+ Tumour cells"	7	5	-3.248901101	-9.685679988	NA
"65"	"B cells"	"Vessels"	0	0	-0.618205074	0.355889671	NA
"66"	"B cells"	"CD39+ Vessels"	1	1	-0.769353391	2.179699079	NA
"67"	"B cells"	"CD39+ Stromal cells"	1	1	0.267378287	-1.105599636	NA
"68"	"B cells"	"CD163+HLA-DR+ Macrophages"	7	6	-0.427521003	2.209934965	NA
"69"	"B cells"	"CD163+ Macrophages"	8	5	0.904604534	1.659664468	NA
"70"	"B cells"	"Tumour cells"	10	6	-7.056317564	-13.71538254	NA
"71"	"B cells"	"Granulocytes"	1	1	0.298458459	-1.776110813	NA
"72"	"B cells"	"HLA-DR+ Macrophages"	1	1	0.010293028	2.285015563	NA
"73"	"B cells"	"Monocytes"	0	0	-0.595250974	0.032713871	NA
"74"	"B cells"	"HLA-DR+ Monocytes"	4	3	-0.504300071	-0.359876339	NA
"75"	"B cells"	"Stromal cells"	5	3	-1.801241388	-5.780300951	NA
"76"	"B cells"	"Dendritic cells"	0	0	-1.012617923	7.223463465	NA
"77"	"B cells"	"T cells"	11	9	3.133628554	11.24451103	"High"
"78"	"B cells"	"CD4+ T cells"	27	16	10.4619701	20.11930925	"Both"
"79"	"B cells"	"Ki-67+ T cells"	0	0	-0.172297881	2.1795718	NA
"80"	"B cells"	"Ki-67+ Stromal cells"	0	0	-0.230822281	-1.310882634	NA
"81"	"B cells"	"CD56- Innate lymphoid cells"	0	0	-0.250001845	-0.379190254	NA
"82"	"B cells"	"Immune cell aggregates"	40	20	21.21419339	9.46544451	"Low"
"83"	"B cells"	"CD11c+CD163+HLA-DR+ Macrophages"	1	1	0.050982399	4.495784915	NA
"84"	"B cells"	"CD11c+HLA-DR+ Macrophages"	1	1	0.226728133	7.296705586	NA
"85"	"CD8+ T cells"	"CD11b+PD-L1+ Granulocytes"	2	2	0.649305044	-0.77662952	NA
"86"	"CD8+ T cells"	"Regulatory T cells"	0	0	-0.250001845	2.232647235	NA
"87"	"CD8+ T cells"	"B cells"	2	1	3.983585047	2.506269275	NA
"88"	"CD8+ T cells"	"CD8+ T cells"	10	10	12.41556471	19.26441715	"Both"
"89"	"CD8+ T cells"	"CD38+ Plasma B cells"	1	1	1.206089409	3.490816473	NA
"90"	"CD8+ T cells"	"CD57+ Tumour cells"	1	1	-3.132935589	-6.795734573	NA
"91"	"CD8+ T cells"	"PDPN+ Stromal cells"	13	9	3.516017759	0.312372906	NA
"92"	"CD8+ T cells"	"CD56+ Tumour cells"	15	9	-6.424319666	-17.0735175	NA
"93"	"CD8+ T cells"	"Vessels"	3	3	0.473885994	1.297398108	NA
"94"	"CD8+ T cells"	"CD39+ Vessels"	7	6	0.807470689	3.050769781	NA
"95"	"CD8+ T cells"	"CD39+ Stromal cells"	0	0	-0.864339045	-0.34716256	NA
"96"	"CD8+ T cells"	"CD163+HLA-DR+ Macrophages"	21	16	2.446221767	1.691371136	NA
"97"	"CD8+ T cells"	"CD163+ Macrophages"	15	12	2.875265878	10.75687605	"High"
"98"	"CD8+ T cells"	"Tumour cells"	37	17	-12.42706227	-31.36824676	NA
"99"	"CD8+ T cells"	"Granulocytes"	4	4	3.84110303	-1.771712609	NA
"100"	"CD8+ T cells"	"HLA-DR+ Macrophages"	2	2	0.553344997	2.579850807	NA
"101"	"CD8+ T cells"	"Monocytes"	4	4	1.13518357	1.405480794	NA
"102"	"CD8+ T cells"	"HLA-DR+ Monocytes"	14	13	2.341103273	6.603557092	NA
"103"	"CD8+ T cells"	"Stromal cells"	74	32	9.581296885	-0.763673909	NA
"104"	"CD8+ T cells"	"Dendritic cells"	22	15	9.211013348	12.60209948	"High"
"105"	"CD8+ T cells"	"T cells"	22	16	10.36156093	25.03143863	"Both"
"106"	"CD8+ T cells"	"CD4+ T cells"	7	7	3.418847145	39.80516203	"High"
"107"	"CD8+ T cells"	"Ki-67+ T cells"	3	3	5.332815496	8.261383083	NA
"108"	"CD8+ T cells"	"Ki-67+ Stromal cells"	1	1	1.616248112	-1.207209466	NA
"109"	"CD8+ T cells"	"CD56- Innate lymphoid cells"	1	1	1.990746005	3.202896734	NA
"110"	"CD8+ T cells"	"Immune cell aggregates"	14	9	7.541972644	17.45592084	"High"
"111"	"CD8+ T cells"	"CD11c+CD163+HLA-DR+ Macrophages"	1	1	0.380201417	2.624851082	NA
"112"	"CD8+ T cells"	"CD11c+HLA-DR+ Macrophages"	0	0	-0.823314124	2.881375281	NA
"113"	"CD38+ Plasma B cells"	"CD11b+PD-L1+ Granulocytes"	1	1	-0.373935036	-3.039470215	NA
"114"	"CD38+ Plasma B cells"	"Regulatory T cells"	0	0	-0.274487539	3.795791628	NA
"115"	"CD38+ Plasma B cells"	"B cells"	0	0	-0.432713995	12.26763797	"High"
"116"	"CD38+ Plasma B cells"	"CD8+ T cells"	1	1	0.365526123	2.672510079	NA
"117"	"CD38+ Plasma B cells"	"CD38+ Plasma B cells"	48	26	51.0027636	77.76477537	"Both"
"118"	"CD38+ Plasma B cells"	"CD57+ Tumour cells"	1	1	-2.71032615	-6.606484514	NA
"119"	"CD38+ Plasma B cells"	"PDPN+ Stromal cells"	4	3	-0.487172531	6.751200988	NA
"120"	"CD38+ Plasma B cells"	"CD56+ Tumour cells"	41	23	-4.710773661	-13.16607371	NA
"121"	"CD38+ Plasma B cells"	"Vessels"	7	6	1.774597604	3.069196984	NA
"122"	"CD38+ Plasma B cells"	"CD39+ Vessels"	17	14	3.094398269	-1.390532556	NA
"123"	"CD38+ Plasma B cells"	"CD39+ Stromal cells"	3	3	0.939097202	-0.058326693	NA
"124"	"CD38+ Plasma B cells"	"CD163+HLA-DR+ Macrophages"	54	34	6.712734379	5.517101665	NA
"125"	"CD38+ Plasma B cells"	"CD163+ Macrophages"	13	11	0.894303402	19.79616145	"High"
"126"	"CD38+ Plasma B cells"	"Tumour cells"	41	21	-14.50983115	-29.69155516	NA
"127"	"CD38+ Plasma B cells"	"Granulocytes"	0	0	-1.13518357	-3.009460603	NA
"128"	"CD38+ Plasma B cells"	"HLA-DR+ Macrophages"	2	2	0.164977912	0.297946513	NA
"129"	"CD38+ Plasma B cells"	"Monocytes"	6	6	1.688528567	0.549156097	NA
"130"	"CD38+ Plasma B cells"	"HLA-DR+ Monocytes"	39	33	6.425946011	0.36313893	NA
"131"	"CD38+ Plasma B cells"	"Stromal cells"	72	44	5.771575254	-7.414594428	NA
"132"	"CD38+ Plasma B cells"	"Dendritic cells"	22	18	5.278566264	8.554818255	NA
"133"	"CD38+ Plasma B cells"	"T cells"	14	13	3.943124397	9.372120557	NA
"134"	"CD38+ Plasma B cells"	"CD4+ T cells"	9	9	3.046852409	17.77807869	"High"
"135"	"CD38+ Plasma B cells"	"Ki-67+ T cells"	3	2	4.565335938	1.419884559	NA
"136"	"CD38+ Plasma B cells"	"Ki-67+ Stromal cells"	0	0	-0.626001633	-1.765659775	NA
"137"	"CD38+ Plasma B cells"	"CD56- Innate lymphoid cells"	0	0	-0.411309872	-1.203620192	NA
"138"	"CD38+ Plasma B cells"	"Immune cell aggregates"	14	10	5.562526205	8.443760064	NA
"139"	"CD38+ Plasma B cells"	"CD11c+CD163+HLA-DR+ Macrophages"	3	3	2.177676754	1.842847551	NA
"140"	"CD38+ Plasma B cells"	"CD11c+HLA-DR+ Macrophages"	1	1	0.017365977	4.528608812	NA
"141"	"CD57+ Tumour cells"	"CD11b+PD-L1+ Granulocytes"	14	13	-2.357225308	-5.487983008	NA
"142"	"CD57+ Tumour cells"	"Regulatory T cells"	0	0	-1.358178178	-2.414034267	NA
"143"	"CD57+ Tumour cells"	"B cells"	0	0	-1.628735618	-1.813361198	NA
"144"	"CD57+ Tumour cells"	"CD8+ T cells"	1	1	-1.954414859	-4.635084951	NA
"145"	"CD57+ Tumour cells"	"CD38+ Plasma B cells"	1	1	-2.573486846	-4.7340799	NA
"146"	"CD57+ Tumour cells"	"CD57+ Tumour cells"	4070	1665	124.8600669	171.7378524	"Both"
"147"	"CD57+ Tumour cells"	"PDPN+ Stromal cells"	12	10	-7.621083751	-12.53294444	NA
"148"	"CD57+ Tumour cells"	"CD56+ Tumour cells"	1645	917	-8.230298669	-1.178735691	NA
"149"	"CD57+ Tumour cells"	"Vessels"	4	4	-6.112740133	-8.309494628	NA
"150"	"CD57+ Tumour cells"	"CD39+ Vessels"	9	8	-8.0118451	-8.952990084	NA
"151"	"CD57+ Tumour cells"	"CD39+ Stromal cells"	3	3	-3.205131191	-3.188910162	NA
"152"	"CD57+ Tumour cells"	"CD163+HLA-DR+ Macrophages"	99	82	-9.656674468	-11.40194128	NA
"153"	"CD57+ Tumour cells"	"CD163+ Macrophages"	44	38	-8.87277589	-7.850653038	NA
"154"	"CD57+ Tumour cells"	"Tumour cells"	4125	1589	-9.257470264	1.107448013	NA
"155"	"CD57+ Tumour cells"	"Granulocytes"	16	16	-2.51715872	-5.252459881	NA
"156"	"CD57+ Tumour cells"	"HLA-DR+ Macrophages"	15	13	-2.907707937	-4.668417964	NA
"157"	"CD57+ Tumour cells"	"Monocytes"	10	9	-4.726315868	-6.334898942	NA
"158"	"CD57+ Tumour cells"	"HLA-DR+ Monocytes"	38	36	-9.115525648	-10.62679669	NA
"159"	"CD57+ Tumour cells"	"Stromal cells"	190	150	-16.80651398	-18.47896293	NA
"160"	"CD57+ Tumour cells"	"Dendritic cells"	37	32	-5.55884925	-7.287315208	NA
"161"	"CD57+ Tumour cells"	"T cells"	22	20	-5.062898695	-9.297209665	NA
"162"	"CD57+ Tumour cells"	"CD4+ T cells"	13	11	-4.761402506	-7.662435355	NA
"163"	"CD57+ Tumour cells"	"Ki-67+ T cells"	1	1	-1.628905323	-3.822011147	NA
"164"	"CD57+ Tumour cells"	"Ki-67+ Stromal cells"	2	2	-1.574415675	-4.219857707	NA
"165"	"CD57+ Tumour cells"	"CD56- Innate lymphoid cells"	0	0	-1.225407567	-1.284069145	NA
"166"	"CD57+ Tumour cells"	"Immune cell aggregates"	6	6	-4.241184047	-7.45897245	NA
"167"	"CD57+ Tumour cells"	"CD11c+CD163+HLA-DR+ Macrophages"	3	3	-3.323218024	-4.678953855	NA
"168"	"CD57+ Tumour cells"	"CD11c+HLA-DR+ Macrophages"	1	1	-2.995615452	-3.943195107	NA
"169"	"PDPN+ Stromal cells"	"CD11b+PD-L1+ Granulocytes"	10	9	0.082404244	-3.760167588	NA
"170"	"PDPN+ Stromal cells"	"Regulatory T cells"	3	3	1.785953739	1.41876733	NA
"171"	"PDPN+ Stromal cells"	"B cells"	16	10	8.338881986	1.892755148	NA
"172"	"PDPN+ Stromal cells"	"CD8+ T cells"	13	13	4.176964609	0.363099332	NA
"173"	"PDPN+ Stromal cells"	"CD38+ Plasma B cells"	4	4	-0.090966176	5.936826108	NA
"174"	"PDPN+ Stromal cells"	"CD57+ Tumour cells"	12	11	-7.612725748	-14.51619511	NA
"175"	"PDPN+ Stromal cells"	"PDPN+ Stromal cells"	474	307	56.50942837	112.1905519	"Both"
"176"	"PDPN+ Stromal cells"	"CD56+ Tumour cells"	168	113	-17.61219144	-29.40347986	NA
"177"	"PDPN+ Stromal cells"	"Vessels"	49	42	4.815722449	7.469819468	NA
"178"	"PDPN+ Stromal cells"	"CD39+ Vessels"	61	46	2.200049613	-1.81833923	NA
"179"	"PDPN+ Stromal cells"	"CD39+ Stromal cells"	12	11	0.547347318	-2.129367219	NA
"180"	"PDPN+ Stromal cells"	"CD163+HLA-DR+ Macrophages"	318	210	20.079287	10.13303816	"Both"
"181"	"PDPN+ Stromal cells"	"CD163+ Macrophages"	136	101	6.54473995	10.32923201	"High"
"182"	"PDPN+ Stromal cells"	"Tumour cells"	520	242	-27.11004973	-46.33925296	NA
"183"	"PDPN+ Stromal cells"	"Granulocytes"	28	28	4.447432953	0.848555007	NA
"184"	"PDPN+ Stromal cells"	"HLA-DR+ Macrophages"	23	21	2.443662041	1.309601357	NA
"185"	"PDPN+ Stromal cells"	"Monocytes"	32	30	2.422208421	0.901184965	NA
"186"	"PDPN+ Stromal cells"	"HLA-DR+ Monocytes"	219	159	16.57571432	9.048477783	"Low"
"187"	"PDPN+ Stromal cells"	"Stromal cells"	344	222	4.926936204	1.961358648	NA
"188"	"PDPN+ Stromal cells"	"Dendritic cells"	99	82	7.279834018	10.22070526	"High"
"189"	"PDPN+ Stromal cells"	"T cells"	133	104	15.29599247	13.48735474	"Both"
"190"	"PDPN+ Stromal cells"	"CD4+ T cells"	40	36	3.479135069	6.171062301	NA
"191"	"PDPN+ Stromal cells"	"Ki-67+ T cells"	8	8	3.384637319	3.41961082	NA
"192"	"PDPN+ Stromal cells"	"Ki-67+ Stromal cells"	3	3	0.120627467	5.064072493	NA
"193"	"PDPN+ Stromal cells"	"CD56- Innate lymphoid cells"	2	2	0.783751499	-0.867823667	NA
"194"	"PDPN+ Stromal cells"	"Immune cell aggregates"	85	63	11.06223304	5.26900618	"Low"
"195"	"PDPN+ Stromal cells"	"CD11c+CD163+HLA-DR+ Macrophages"	6	5	-0.481535475	-0.535919058	NA
"196"	"PDPN+ Stromal cells"	"CD11c+HLA-DR+ Macrophages"	13	9	2.691672673	4.537065809	NA
"197"	"CD56+ Tumour cells"	"CD11b+PD-L1+ Granulocytes"	41	38	-7.906924596	-9.544230348	NA
"198"	"CD56+ Tumour cells"	"Regulatory T cells"	7	7	-2.515051541	-3.442238237	NA
"199"	"CD56+ Tumour cells"	"B cells"	7	5	-2.951293999	-4.958600445	NA
"200"	"CD56+ Tumour cells"	"CD8+ T cells"	15	14	-4.075339223	-10.96376135	NA
"201"	"CD56+ Tumour cells"	"CD38+ Plasma B cells"	41	38	-3.696966384	-10.87081924	NA
"202"	"CD56+ Tumour cells"	"CD57+ Tumour cells"	1645	1034	-10.6917798	-3.748938732	NA
"203"	"CD56+ Tumour cells"	"PDPN+ Stromal cells"	168	144	-17.24774861	-24.99862888	NA
"204"	"CD56+ Tumour cells"	"CD56+ Tumour cells"	32552	10179	125.7061909	190.9131741	"Both"
"205"	"CD56+ Tumour cells"	"Vessels"	134	121	-11.30339888	-19.85626552	NA
"206"	"CD56+ Tumour cells"	"CD39+ Vessels"	226	177	-15.69409359	-20.44302273	NA
"207"	"CD56+ Tumour cells"	"CD39+ Stromal cells"	50	41	-6.638148756	-6.036273606	NA
"208"	"CD56+ Tumour cells"	"CD163+HLA-DR+ Macrophages"	834	704	-20.38956546	-25.61055909	NA
"209"	"CD56+ Tumour cells"	"CD163+ Macrophages"	330	292	-17.30643847	-16.11425644	NA
"210"	"CD56+ Tumour cells"	"Tumour cells"	23696	8858	-36.87717427	4.915268942	NA
"211"	"CD56+ Tumour cells"	"Granulocytes"	45	45	-8.075852406	-10.05095721	NA
"212"	"CD56+ Tumour cells"	"HLA-DR+ Macrophages"	118	107	-6.407688514	-12.362263	NA
"213"	"CD56+ Tumour cells"	"Monocytes"	144	134	-11.34313828	-13.71946962	NA
"214"	"CD56+ Tumour cells"	"HLA-DR+ Monocytes"	396	349	-24.12690764	-23.38246562	NA
"215"	"CD56+ Tumour cells"	"Stromal cells"	1559	1192	-40.76399883	-45.71897889	NA
"216"	"CD56+ Tumour cells"	"Dendritic cells"	173	167	-13.94007279	-19.90689437	NA
"217"	"CD56+ Tumour cells"	"T cells"	174	154	-11.90862572	-21.916209	NA
"218"	"CD56+ Tumour cells"	"CD4+ T cells"	78	74	-11.0866848	-18.7091969	NA
"219"	"CD56+ Tumour cells"	"Ki-67+ T cells"	16	15	-2.920916692	-10.05152289	NA
"220"	"CD56+ Tumour cells"	"Ki-67+ Stromal cells"	16	16	-3.723002056	-12.05160271	NA
"221"	"CD56+ Tumour cells"	"CD56- Innate lymphoid cells"	2	2	-3.16929502	-2.310386555	NA
"222"	"CD56+ Tumour cells"	"Immune cell aggregates"	74	70	-12.47866692	-15.18158259	NA
"223"	"CD56+ Tumour cells"	"CD11c+CD163+HLA-DR+ Macrophages"	31	29	-6.087722696	-8.575875895	NA
"224"	"CD56+ Tumour cells"	"CD11c+HLA-DR+ Macrophages"	33	33	-5.614201568	-12.59006452	NA
"225"	"Vessels"	"CD11b+PD-L1+ Granulocytes"	12	9	0.894948283	-4.985654351	NA
"226"	"Vessels"	"Regulatory T cells"	5	5	3.062422901	0.669297782	NA
"227"	"Vessels"	"B cells"	0	0	-1.099409623	0.740541618	NA
"228"	"Vessels"	"CD8+ T cells"	3	3	0.173010645	-0.026147395	NA
"229"	"Vessels"	"CD38+ Plasma B cells"	7	7	1.107749241	2.84965447	NA
"230"	"Vessels"	"CD57+ Tumour cells"	4	4	-8.221742677	-11.42517681	NA
"231"	"Vessels"	"PDPN+ Stromal cells"	49	28	2.524102508	4.344860043	NA
"232"	"Vessels"	"CD56+ Tumour cells"	134	67	-15.36811736	-22.28489447	NA
"233"	"Vessels"	"Vessels"	356	217	55.66754703	118.2327793	"Both"
"234"	"Vessels"	"CD39+ Vessels"	277	159	30.16828656	21.26722639	"Both"
"235"	"Vessels"	"CD39+ Stromal cells"	28	27	5.237271228	5.69778159	NA
"236"	"Vessels"	"CD163+HLA-DR+ Macrophages"	269	172	13.82781252	7.352849864	"Low"
"237"	"Vessels"	"CD163+ Macrophages"	83	64	3.080920814	8.804936066	NA
"238"	"Vessels"	"Tumour cells"	337	154	-30.9029705	-46.58080063	NA
"239"	"Vessels"	"Granulocytes"	10	10	0.383704424	-2.244583198	NA
"240"	"Vessels"	"HLA-DR+ Macrophages"	17	17	1.1875024	12.28523079	"High"
"241"	"Vessels"	"Monocytes"	33	30	2.606565301	11.24667478	"High"
"242"	"Vessels"	"HLA-DR+ Monocytes"	185	149	14.71786196	11.95844846	"Both"
"243"	"Vessels"	"Stromal cells"	492	237	17.87042684	3.677634085	"Low"
"244"	"Vessels"	"Dendritic cells"	103	75	9.437952198	14.58209746	"High"
"245"	"Vessels"	"T cells"	61	54	6.561908503	8.452330198	NA
"246"	"Vessels"	"CD4+ T cells"	53	46	6.418549674	1.707054765	NA
"247"	"Vessels"	"Ki-67+ T cells"	3	3	0.573668661	7.195023631	NA
"248"	"Vessels"	"Ki-67+ Stromal cells"	11	9	3.730794372	6.838245833	NA
"249"	"Vessels"	"CD56- Innate lymphoid cells"	0	0	-1.090334615	-1.003204917	NA
"250"	"Vessels"	"Immune cell aggregates"	31	26	2.29671111	4.281814403	NA
"251"	"Vessels"	"CD11c+CD163+HLA-DR+ Macrophages"	4	4	-0.90840594	-0.333132147	NA
"252"	"Vessels"	"CD11c+HLA-DR+ Macrophages"	6	5	0.447843251	-2.080223297	NA
"253"	"CD39+ Vessels"	"CD11b+PD-L1+ Granulocytes"	33	32	2.752271724	1.607041582	NA
"254"	"CD39+ Vessels"	"Regulatory T cells"	8	8	3.397153109	9.579062428	NA
"255"	"CD39+ Vessels"	"B cells"	1	1	-0.689491337	3.162040104	NA
"256"	"CD39+ Vessels"	"CD8+ T cells"	7	6	0.511337198	2.383628675	NA
"257"	"CD39+ Vessels"	"CD38+ Plasma B cells"	17	14	2.682876265	-1.038580055	NA
"258"	"CD39+ Vessels"	"CD57+ Tumour cells"	9	6	-9.248164738	-12.009544	NA
"259"	"CD39+ Vessels"	"PDPN+ Stromal cells"	61	53	0.356141401	-2.295707018	NA
"260"	"CD39+ Vessels"	"CD56+ Tumour cells"	226	138	-21.40822349	-20.71285468	NA
"261"	"CD39+ Vessels"	"Vessels"	277	201	25.7709309	38.71706612	"Both"
"262"	"CD39+ Vessels"	"CD39+ Vessels"	1222	594	103.0305492	100.6929956	"Both"
"263"	"CD39+ Vessels"	"CD39+ Stromal cells"	140	105	26.20693295	20.15424032	"Both"
"264"	"CD39+ Vessels"	"CD163+HLA-DR+ Macrophages"	402	277	12.72618258	8.031884506	"Low"
"265"	"CD39+ Vessels"	"CD163+ Macrophages"	187	154	6.409159296	2.808005881	NA
"266"	"CD39+ Vessels"	"Tumour cells"	494	249	-37.36281521	-50.1120919	NA
"267"	"CD39+ Vessels"	"Granulocytes"	32	29	2.356108079	3.163383607	NA
"268"	"CD39+ Vessels"	"HLA-DR+ Macrophages"	25	24	0.695819943	-0.779356124	NA
"269"	"CD39+ Vessels"	"Monocytes"	47	44	1.617054214	1.252759871	NA
"270"	"CD39+ Vessels"	"HLA-DR+ Monocytes"	250	199	8.870018174	6.53659408	NA
"271"	"CD39+ Vessels"	"Stromal cells"	602	329	8.108704587	4.166541855	NA
"272"	"CD39+ Vessels"	"Dendritic cells"	132	113	7.410210366	1.648831592	NA
"273"	"CD39+ Vessels"	"T cells"	90	73	5.228446535	5.52157058	NA
"274"	"CD39+ Vessels"	"CD4+ T cells"	81	70	6.861226803	6.418592101	NA
"275"	"CD39+ Vessels"	"Ki-67+ T cells"	3	3	-0.080825841	3.897911989	NA
"276"	"CD39+ Vessels"	"Ki-67+ Stromal cells"	8	6	1.760837307	1.324483126	NA
"277"	"CD39+ Vessels"	"CD56- Innate lymphoid cells"	5	5	1.046567534	1.615823848	NA
"278"	"CD39+ Vessels"	"Immune cell aggregates"	81	60	7.85059647	5.613720736	NA
"279"	"CD39+ Vessels"	"CD11c+CD163+HLA-DR+ Macrophages"	36	23	4.111062257	-0.570517793	NA
"280"	"CD39+ Vessels"	"CD11c+HLA-DR+ Macrophages"	22	22	2.723916742	2.555314202	NA
"281"	"CD39+ Stromal cells"	"CD11b+PD-L1+ Granulocytes"	3	2	0.391530682	-1.338434343	NA
"282"	"CD39+ Stromal cells"	"Regulatory T cells"	0	0	-0.516581102	14.1352484	"High"
"283"	"CD39+ Stromal cells"	"B cells"	1	1	0.610754997	-1.306552312	NA
"284"	"CD39+ Stromal cells"	"CD8+ T cells"	0	0	-0.728240789	0.286495626	NA
"285"	"CD39+ Stromal cells"	"CD38+ Plasma B cells"	3	3	1.33524812	0.802280526	NA
"286"	"CD39+ Stromal cells"	"CD57+ Tumour cells"	3	3	-4.257306082	-4.251790649	NA
"287"	"CD39+ Stromal cells"	"PDPN+ Stromal cells"	12	10	0.455682237	-2.435685876	NA
"288"	"CD39+ Stromal cells"	"CD56+ Tumour cells"	50	32	-9.970629879	-8.683836958	NA
"289"	"CD39+ Stromal cells"	"Vessels"	28	21	7.284401928	8.171424958	NA
"290"	"CD39+ Stromal cells"	"CD39+ Vessels"	140	76	30.55804381	30.68447451	"Both"
"291"	"CD39+ Stromal cells"	"CD39+ Stromal cells"	80	60	44.08881491	28.64008738	"Both"
"292"	"CD39+ Stromal cells"	"CD163+HLA-DR+ Macrophages"	82	57	8.909220174	6.606088535	NA
"293"	"CD39+ Stromal cells"	"CD163+ Macrophages"	35	29	3.606697132	1.140626878	NA
"294"	"CD39+ Stromal cells"	"Tumour cells"	122	65	-16.09233613	-18.72758168	NA
"295"	"CD39+ Stromal cells"	"Granulocytes"	3	3	0	-2.36597929	NA
"296"	"CD39+ Stromal cells"	"HLA-DR+ Macrophages"	3	3	-0.321340434	-0.604393864	NA
"297"	"CD39+ Stromal cells"	"Monocytes"	6	5	0.121676955	-0.418919756	NA
"298"	"CD39+ Stromal cells"	"HLA-DR+ Monocytes"	59	47	6.346255077	5.573373223	NA
"299"	"CD39+ Stromal cells"	"Stromal cells"	97	60	2.824085489	3.240359251	NA
"300"	"CD39+ Stromal cells"	"Dendritic cells"	24	21	3.073368914	1.481176575	NA
"301"	"CD39+ Stromal cells"	"T cells"	9	9	0.669596181	3.699936233	NA
"302"	"CD39+ Stromal cells"	"CD4+ T cells"	18	17	4.128513653	2.26817228	NA
"303"	"CD39+ Stromal cells"	"Ki-67+ T cells"	2	1	1.737771483	1.111134868	NA
"304"	"CD39+ Stromal cells"	"Ki-67+ Stromal cells"	0	0	-0.808208909	-3.36656367	NA
"305"	"CD39+ Stromal cells"	"CD56- Innate lymphoid cells"	0	0	-0.516895057	-0.791881813	NA
"306"	"CD39+ Stromal cells"	"Immune cell aggregates"	16	14	3.919789873	3.135891295	NA
"307"	"CD39+ Stromal cells"	"CD11c+CD163+HLA-DR+ Macrophages"	10	6	4.205602434	-0.957111455	NA
"308"	"CD39+ Stromal cells"	"CD11c+HLA-DR+ Macrophages"	6	5	4.72368543	0.61234033	NA
"309"	"CD163+HLA-DR+ Macrophages"	"CD11b+PD-L1+ Granulocytes"	53	48	1.367393194	-6.705196621	NA
"310"	"CD163+HLA-DR+ Macrophages"	"Regulatory T cells"	5	5	0.268697748	3.346227278	NA
"311"	"CD163+HLA-DR+ Macrophages"	"B cells"	7	6	0.106722919	2.507740057	NA
"312"	"CD163+HLA-DR+ Macrophages"	"CD8+ T cells"	21	18	1.574557096	1.188222235	NA
"313"	"CD163+HLA-DR+ Macrophages"	"CD38+ Plasma B cells"	54	49	6.459858852	6.237841465	NA
"314"	"CD163+HLA-DR+ Macrophages"	"CD57+ Tumour cells"	99	72	-11.62129995	-14.75265162	NA
"315"	"CD163+HLA-DR+ Macrophages"	"PDPN+ Stromal cells"	318	233	11.72861047	13.52647189	"Both"
"316"	"CD163+HLA-DR+ Macrophages"	"CD56+ Tumour cells"	834	460	-21.34571525	-35.16343028	NA
"317"	"CD163+HLA-DR+ Macrophages"	"Vessels"	269	214	15.27845622	11.00125215	"Both"
"318"	"CD163+HLA-DR+ Macrophages"	"CD39+ Vessels"	402	279	12.39954167	7.637672476	"Low"
"319"	"CD163+HLA-DR+ Macrophages"	"CD39+ Stromal cells"	82	79	7.382576633	4.367628882	NA
"320"	"CD163+HLA-DR+ Macrophages"	"CD163+HLA-DR+ Macrophages"	2368	1096	66.26495636	63.75642435	"Both"
"321"	"CD163+HLA-DR+ Macrophages"	"CD163+ Macrophages"	592	414	15.5014777	17.97564433	"Both"
"322"	"CD163+HLA-DR+ Macrophages"	"Tumour cells"	2059	962	-45.00140693	-64.35251536	NA
"323"	"CD163+HLA-DR+ Macrophages"	"Granulocytes"	32	28	-1.076783621	-4.444576242	NA
"324"	"CD163+HLA-DR+ Macrophages"	"HLA-DR+ Macrophages"	94	87	4.553937376	12.4039823	"High"
"325"	"CD163+HLA-DR+ Macrophages"	"Monocytes"	203	189	10.95734082	14.70343699	"Both"
"326"	"CD163+HLA-DR+ Macrophages"	"HLA-DR+ Monocytes"	926	650	24.99198207	22.21644654	"Both"
"327"	"CD163+HLA-DR+ Macrophages"	"Stromal cells"	1255	711	7.273498341	-1.327754202	NA
"328"	"CD163+HLA-DR+ Macrophages"	"Dendritic cells"	503	366	22.37031297	21.21320344	"Both"
"329"	"CD163+HLA-DR+ Macrophages"	"T cells"	266	238	11.87561797	13.08817882	"Both"
"330"	"CD163+HLA-DR+ Macrophages"	"CD4+ T cells"	192	164	9.153468998	7.996797868	NA
"331"	"CD163+HLA-DR+ Macrophages"	"Ki-67+ T cells"	19	17	3.419483541	6.565811732	NA
"332"	"CD163+HLA-DR+ Macrophages"	"Ki-67+ Stromal cells"	16	16	0.883685487	7.651093362	NA
"333"	"CD163+HLA-DR+ Macrophages"	"CD56- Innate lymphoid cells"	5	5	-0.101241993	1.067735482	NA
"334"	"CD163+HLA-DR+ Macrophages"	"Immune cell aggregates"	358	287	22.60054694	31.49382893	"Both"
"335"	"CD163+HLA-DR+ Macrophages"	"CD11c+CD163+HLA-DR+ Macrophages"	162	126	18.58559464	19.52307681	"Both"
"336"	"CD163+HLA-DR+ Macrophages"	"CD11c+HLA-DR+ Macrophages"	69	58	6.77948526	8.881487446	NA
"337"	"CD163+ Macrophages"	"CD11b+PD-L1+ Granulocytes"	33	28	2.353718058	-2.482354924	NA
"338"	"CD163+ Macrophages"	"Regulatory T cells"	2	2	-0.108731527	2.057044337	NA
"339"	"CD163+ Macrophages"	"B cells"	8	8	1.956988728	1.503096885	NA
"340"	"CD163+ Macrophages"	"CD8+ T cells"	15	14	3.287198004	7.800080761	NA
"341"	"CD163+ Macrophages"	"CD38+ Plasma B cells"	13	12	1.266759171	21.47865132	"High"
"342"	"CD163+ Macrophages"	"CD57+ Tumour cells"	44	31	-9.686471948	-14.97850152	NA
"343"	"CD163+ Macrophages"	"PDPN+ Stromal cells"	136	109	6.375486871	7.959547482	NA
"344"	"CD163+ Macrophages"	"CD56+ Tumour cells"	330	193	-20.05764953	-28.20465102	NA
"345"	"CD163+ Macrophages"	"Vessels"	83	69	4.610760477	14.36105588	"High"
"346"	"CD163+ Macrophages"	"CD39+ Vessels"	187	136	6.985182622	1.962970851	NA
"347"	"CD163+ Macrophages"	"CD39+ Stromal cells"	35	30	2.629715977	-0.052663757	NA
"348"	"CD163+ Macrophages"	"CD163+HLA-DR+ Macrophages"	592	387	20.9739185	17.45224389	"Both"
"349"	"CD163+ Macrophages"	"CD163+ Macrophages"	1042	555	67.06738114	65.22692361	"Both"
"350"	"CD163+ Macrophages"	"Tumour cells"	1251	524	-39.14896694	-48.43497603	NA
"351"	"CD163+ Macrophages"	"Granulocytes"	29	26	1.413340993	-0.999544933	NA
"352"	"CD163+ Macrophages"	"HLA-DR+ Macrophages"	93	76	10.43592028	23.42899325	"Both"
"353"	"CD163+ Macrophages"	"Monocytes"	89	77	6.348885514	15.08683028	"High"
"354"	"CD163+ Macrophages"	"HLA-DR+ Monocytes"	333	254	13.33355902	22.31247164	"Both"
"355"	"CD163+ Macrophages"	"Stromal cells"	323	199	-5.294773151	-12.90035712	NA
"356"	"CD163+ Macrophages"	"Dendritic cells"	165	135	9.04772825	13.67004285	"High"
"357"	"CD163+ Macrophages"	"T cells"	123	107	7.325060568	13.56093628	"High"
"358"	"CD163+ Macrophages"	"CD4+ T cells"	127	110	10.6185094	15.95331893	"Both"
"359"	"CD163+ Macrophages"	"Ki-67+ T cells"	1	1	-1.097525891	4.023776996	NA
"360"	"CD163+ Macrophages"	"Ki-67+ Stromal cells"	3	3	-0.692896763	-2.848508957	NA
"361"	"CD163+ Macrophages"	"CD56- Innate lymphoid cells"	4	4	0.532254831	-0.228159317	NA
"362"	"CD163+ Macrophages"	"Immune cell aggregates"	262	201	28.62990504	25.86285479	"Both"
"363"	"CD163+ Macrophages"	"CD11c+CD163+HLA-DR+ Macrophages"	99	75	17.4622848	8.422659998	"Low"
"364"	"CD163+ Macrophages"	"CD11c+HLA-DR+ Macrophages"	45	37	7.685656742	3.611208474	NA
"365"	"Tumour cells"	"CD11b+PD-L1+ Granulocytes"	131	123	-12.81209605	-18.9012471	NA
"366"	"Tumour cells"	"Regulatory T cells"	8	8	-3.556775394	-4.374615097	NA
"367"	"Tumour cells"	"B cells"	10	9	-5.759865565	-6.751766674	NA
"368"	"Tumour cells"	"CD8+ T cells"	37	37	-7.13555595	-13.82133542	NA
"369"	"Tumour cells"	"CD38+ Plasma B cells"	41	39	-8.650192818	-17.68912466	NA
"370"	"Tumour cells"	"CD57+ Tumour cells"	4125	2703	-15.89759892	-4.173047238	NA
"371"	"Tumour cells"	"PDPN+ Stromal cells"	520	430	-18.93419828	-42.5504334	NA
"372"	"Tumour cells"	"CD56+ Tumour cells"	23696	11675	-27.56740639	3.515536926	NA
"373"	"Tumour cells"	"Vessels"	337	295	-17.31676223	-24.53094845	NA
"374"	"Tumour cells"	"CD39+ Vessels"	494	426	-29.08004922	-30.31253634	NA
"375"	"Tumour cells"	"CD39+ Stromal cells"	122	118	-13.18216746	-14.07535646	NA
"376"	"Tumour cells"	"CD163+HLA-DR+ Macrophages"	2059	1641	-27.03707631	-35.93247961	NA
"377"	"Tumour cells"	"CD163+ Macrophages"	1251	1047	-20.87421644	-29.32767801	NA
"378"	"Tumour cells"	"Tumour cells"	105530	25250	123.9231504	182.2101038	"Both"
"379"	"Tumour cells"	"Granulocytes"	271	248	-8.509931117	-20.9242796	NA
"380"	"Tumour cells"	"HLA-DR+ Macrophages"	300	274	-9.932601676	-15.25696017	NA
"381"	"Tumour cells"	"Monocytes"	476	452	-9.820468683	-25.20185137	NA
"382"	"Tumour cells"	"HLA-DR+ Monocytes"	1404	1169	-28.52624319	-33.99868399	NA
"383"	"Tumour cells"	"Stromal cells"	3806	2865	-53.29492094	-57.64999161	NA
"384"	"Tumour cells"	"Dendritic cells"	607	555	-22.92906875	-28.33942558	NA
"385"	"Tumour cells"	"T cells"	337	317	-19.94734088	-28.57828625	NA
"386"	"Tumour cells"	"CD4+ T cells"	234	215	-15.82024144	-33.82798841	NA
"387"	"Tumour cells"	"Ki-67+ T cells"	39	39	-4.460486144	-14.83057479	NA
"388"	"Tumour cells"	"Ki-67+ Stromal cells"	51	50	-5.163491706	-18.70240868	NA
"389"	"Tumour cells"	"CD56- Innate lymphoid cells"	12	12	-4.981157152	-4.483863094	NA
"390"	"Tumour cells"	"Immune cell aggregates"	237	222	-16.30687232	-22.74493815	NA
"391"	"Tumour cells"	"CD11c+CD163+HLA-DR+ Macrophages"	91	83	-14.89152739	-11.79394714	NA
"392"	"Tumour cells"	"CD11c+HLA-DR+ Macrophages"	76	69	-7.395870241	-13.02480791	NA
"393"	"Granulocytes"	"CD11b+PD-L1+ Granulocytes"	48	33	23.04277152	44.83198414	"Both"
"394"	"Granulocytes"	"Regulatory T cells"	1	1	1.139041544	-1.079515881	NA
"395"	"Granulocytes"	"B cells"	1	1	1.669719527	-1.520802839	NA
"396"	"Granulocytes"	"CD8+ T cells"	4	4	2.36558331	-1.052990892	NA
"397"	"Granulocytes"	"CD38+ Plasma B cells"	0	0	-0.972519312	-2.208407615	NA
"398"	"Granulocytes"	"CD57+ Tumour cells"	16	15	-2.596085979	-11.79137327	NA
"399"	"Granulocytes"	"PDPN+ Stromal cells"	28	17	3.663520233	4.279155681	NA
"400"	"Granulocytes"	"CD56+ Tumour cells"	45	30	-9.637328026	-16.79237184	NA
"401"	"Granulocytes"	"Vessels"	10	7	1.1989844	0.731780565	NA
"402"	"Granulocytes"	"CD39+ Vessels"	32	20	4.005929621	4.60329343	NA
"403"	"Granulocytes"	"CD39+ Stromal cells"	3	3	0.211754439	-1.890223705	NA
"404"	"Granulocytes"	"CD163+HLA-DR+ Macrophages"	32	24	-0.451521621	-2.716110284	NA
"405"	"Granulocytes"	"CD163+ Macrophages"	29	22	2.1157342	0.94656425	NA
"406"	"Granulocytes"	"Tumour cells"	271	113	-10.33925879	-27.71703019	NA
"407"	"Granulocytes"	"Granulocytes"	74	54	34.94931835	59.04624466	"Both"
"408"	"Granulocytes"	"HLA-DR+ Macrophages"	11	7	3.615097561	2.399496151	NA
"409"	"Granulocytes"	"Monocytes"	11	7	1.545622287	1.586761759	NA
"410"	"Granulocytes"	"HLA-DR+ Monocytes"	42	33	3.00063591	2.92070456	NA
"411"	"Granulocytes"	"Stromal cells"	102	66	3.584833391	12.05202697	"High"
"412"	"Granulocytes"	"Dendritic cells"	40	31	5.997213028	5.036410475	NA
"413"	"Granulocytes"	"T cells"	19	17	3.259168292	7.246232304	NA
"414"	"Granulocytes"	"CD4+ T cells"	8	8	0.46839036	2.06865503	NA
"415"	"Granulocytes"	"Ki-67+ T cells"	0	0	-0.87308737	0.831191293	NA
"416"	"Granulocytes"	"Ki-67+ Stromal cells"	1	1	-0.030562711	3.248886959	NA
"417"	"Granulocytes"	"CD56- Innate lymphoid cells"	0	0	-0.619820106	-0.686853829	NA
"418"	"Granulocytes"	"Immune cell aggregates"	22	19	6.114154347	1.868770086	NA
"419"	"Granulocytes"	"CD11c+CD163+HLA-DR+ Macrophages"	4	4	0.926533329	-1.891213655	NA
"420"	"Granulocytes"	"CD11c+HLA-DR+ Macrophages"	2	2	0.199944342	-2.922967301	NA
"421"	"HLA-DR+ Macrophages"	"CD11b+PD-L1+ Granulocytes"	8	7	1.714281396	-2.222153771	NA
"422"	"HLA-DR+ Macrophages"	"Regulatory T cells"	1	1	0.854650268	1.670299354	NA
"423"	"HLA-DR+ Macrophages"	"B cells"	1	1	0.519430742	1.785501191	NA
"424"	"HLA-DR+ Macrophages"	"CD8+ T cells"	2	2	0.383381983	1.649057867	NA
"425"	"HLA-DR+ Macrophages"	"CD38+ Plasma B cells"	2	2	0.219724947	0.500901716	NA
"426"	"HLA-DR+ Macrophages"	"CD57+ Tumour cells"	15	12	-3.647129498	-6.681593397	NA
"427"	"HLA-DR+ Macrophages"	"PDPN+ Stromal cells"	23	17	1.626260744	0.51753711	NA
"428"	"HLA-DR+ Macrophages"	"CD56+ Tumour cells"	118	62	-7.107893933	-14.26375799	NA
"429"	"HLA-DR+ Macrophages"	"Vessels"	17	14	1.635693548	9.065024082	NA
"430"	"HLA-DR+ Macrophages"	"CD39+ Vessels"	25	19	0.775203993	-1.121501053	NA
"431"	"HLA-DR+ Macrophages"	"CD39+ Stromal cells"	3	2	-0.307137487	-0.692575737	NA
"432"	"HLA-DR+ Macrophages"	"CD163+HLA-DR+ Macrophages"	94	68	6.287437935	9.921089978	NA
"433"	"HLA-DR+ Macrophages"	"CD163+ Macrophages"	93	52	11.2570551	25.69385627	"Both"
"434"	"HLA-DR+ Macrophages"	"Tumour cells"	300	129	-13.81437749	-26.96509284	NA
"435"	"HLA-DR+ Macrophages"	"Granulocytes"	11	11	3.072845655	0.761644513	NA
"436"	"HLA-DR+ Macrophages"	"HLA-DR+ Macrophages"	108	60	35.88241645	70.39926829	"Both"
"437"	"HLA-DR+ Macrophages"	"Monocytes"	20	15	3.257923784	5.200346112	NA
"438"	"HLA-DR+ Macrophages"	"HLA-DR+ Monocytes"	66	53	5.436647056	10.62229949	"High"
"439"	"HLA-DR+ Macrophages"	"Stromal cells"	159	91	4.893221352	-0.742527174	NA
"440"	"HLA-DR+ Macrophages"	"Dendritic cells"	40	36	5.376443984	11.27712279	"High"
"441"	"HLA-DR+ Macrophages"	"T cells"	15	13	0.709539229	2.668946261	NA
"442"	"HLA-DR+ Macrophages"	"CD4+ T cells"	11	10	0.963348137	2.093078499	NA
"443"	"HLA-DR+ Macrophages"	"Ki-67+ T cells"	3	3	2.184832675	1.587044602	NA
"444"	"HLA-DR+ Macrophages"	"Ki-67+ Stromal cells"	1	1	-0.133265587	2.985574536	NA
"445"	"HLA-DR+ Macrophages"	"CD56- Innate lymphoid cells"	1	1	0.475751342	-0.38280357	NA
"446"	"HLA-DR+ Macrophages"	"Immune cell aggregates"	24	20	4.616983017	4.291487624	NA
"447"	"HLA-DR+ Macrophages"	"CD11c+CD163+HLA-DR+ Macrophages"	13	9	5.053692165	-1.306082793	NA
"448"	"HLA-DR+ Macrophages"	"CD11c+HLA-DR+ Macrophages"	15	12	7.694566287	1.647742648	NA
"449"	"Monocytes"	"CD11b+PD-L1+ Granulocytes"	7	7	-0.033351116	1.752945995	NA
"450"	"Monocytes"	"Regulatory T cells"	2	2	1.12878991	-0.098523451	NA
"451"	"Monocytes"	"B cells"	0	0	-1.110898694	0.496898077	NA
"452"	"Monocytes"	"CD8+ T cells"	4	4	0.846695317	1.042242869	NA
"453"	"Monocytes"	"CD38+ Plasma B cells"	6	6	1.895541148	0.769271367	NA
"454"	"Monocytes"	"CD57+ Tumour cells"	10	8	-6.271485606	-9.022385543	NA
"455"	"Monocytes"	"PDPN+ Stromal cells"	32	27	1.01777556	0.49416016	NA
"456"	"Monocytes"	"CD56+ Tumour cells"	144	81	-14.56526832	-28.04003657	NA
"457"	"Monocytes"	"Vessels"	33	27	3.768002331	16.80990809	"High"
"458"	"Monocytes"	"CD39+ Vessels"	47	34	2.632091856	0.539850572	NA
"459"	"Monocytes"	"CD39+ Stromal cells"	6	6	0.048716829	-1.2311917	NA
"460"	"Monocytes"	"CD163+HLA-DR+ Macrophages"	203	127	11.50003114	14.5690867	"Both"
"461"	"Monocytes"	"CD163+ Macrophages"	89	63	5.531215517	19.07264979	"High"
"462"	"Monocytes"	"Tumour cells"	476	188	-20.16512976	-38.43337488	NA
"463"	"Monocytes"	"Granulocytes"	11	8	1.060102972	0.087719707	NA
"464"	"Monocytes"	"HLA-DR+ Macrophages"	20	16	4.032332988	8.873652703	NA
"465"	"Monocytes"	"Monocytes"	138	104	34.7298324	28.6859079	"Both"
"466"	"Monocytes"	"HLA-DR+ Monocytes"	240	158	27.01939864	27.015156	"Both"
"467"	"Monocytes"	"Stromal cells"	355	180	12.31864866	8.84337439	"Low"
"468"	"Monocytes"	"Dendritic cells"	69	55	6.415834384	10.60360359	"High"
"469"	"Monocytes"	"T cells"	44	41	6.215892871	5.596028924	NA
"470"	"Monocytes"	"CD4+ T cells"	40	36	6.935883137	4.211117867	NA
"471"	"Monocytes"	"Ki-67+ T cells"	1	1	-0.500423712	2.876368965	NA
"472"	"Monocytes"	"Ki-67+ Stromal cells"	4	4	1.623531312	10.8482201	"High"
"473"	"Monocytes"	"CD56- Innate lymphoid cells"	2	2	0.94024413	0.090036896	NA
"474"	"Monocytes"	"Immune cell aggregates"	12	12	-0.624419128	7.0041048	NA
"475"	"Monocytes"	"CD11c+CD163+HLA-DR+ Macrophages"	6	6	0.109893162	-0.646881082	NA
"476"	"Monocytes"	"CD11c+HLA-DR+ Macrophages"	1	1	-1.314177752	-2.016908956	NA
"477"	"HLA-DR+ Monocytes"	"CD11b+PD-L1+ Granulocytes"	21	17	-1.00677015	-3.638375516	NA
"478"	"HLA-DR+ Monocytes"	"Regulatory T cells"	8	8	3.22498675	1.220299427	NA
"479"	"HLA-DR+ Monocytes"	"B cells"	4	4	-0.035726004	0.02206456	NA
"480"	"HLA-DR+ Monocytes"	"CD8+ T cells"	14	14	1.457403645	5.395436872	NA
"481"	"HLA-DR+ Monocytes"	"CD38+ Plasma B cells"	39	30	7.099733921	1.121095174	NA
"482"	"HLA-DR+ Monocytes"	"CD57+ Tumour cells"	38	29	-10.04015262	-16.69620532	NA
"483"	"HLA-DR+ Monocytes"	"PDPN+ Stromal cells"	219	149	8.63914781	8.077846447	NA
"484"	"HLA-DR+ Monocytes"	"CD56+ Tumour cells"	396	227	-27.60276173	-33.93758996	NA
"485"	"HLA-DR+ Monocytes"	"Vessels"	185	142	12.95702466	18.30713599	"Both"
"486"	"HLA-DR+ Monocytes"	"CD39+ Vessels"	250	188	8.887130158	5.904709318	NA
"487"	"HLA-DR+ Monocytes"	"CD39+ Stromal cells"	59	48	4.582787333	3.455079296	NA
"488"	"HLA-DR+ Monocytes"	"CD163+HLA-DR+ Macrophages"	926	595	30.2433813	23.43663	"Both"
"489"	"HLA-DR+ Monocytes"	"CD163+ Macrophages"	333	261	12.47617791	20.00023246	"Both"
"490"	"HLA-DR+ Monocytes"	"Tumour cells"	1404	640	-38.59332243	-73.15755042	NA
"491"	"HLA-DR+ Monocytes"	"Granulocytes"	42	34	2.251442133	-0.177398949	NA
"492"	"HLA-DR+ Monocytes"	"HLA-DR+ Macrophages"	66	56	4.712668707	10.30922089	"High"
"493"	"HLA-DR+ Monocytes"	"Monocytes"	240	203	23.91166433	26.4629056	"Both"
"494"	"HLA-DR+ Monocytes"	"HLA-DR+ Monocytes"	936	612	44.48281481	56.63642475	"Both"
"495"	"HLA-DR+ Monocytes"	"Stromal cells"	1483	743	32.57640941	27.3780432	"Both"
"496"	"HLA-DR+ Monocytes"	"Dendritic cells"	303	240	15.9246104	13.72116667	"Both"
"497"	"HLA-DR+ Monocytes"	"T cells"	212	185	14.98698681	22.82314416	"Both"
"498"	"HLA-DR+ Monocytes"	"CD4+ T cells"	115	104	7.039502565	8.615304169	NA
"499"	"HLA-DR+ Monocytes"	"Ki-67+ T cells"	9	8	1.776167382	7.636739095	NA
"500"	"HLA-DR+ Monocytes"	"Ki-67+ Stromal cells"	13	12	1.997279672	14.16023756	"High"
"501"	"HLA-DR+ Monocytes"	"CD56- Innate lymphoid cells"	7	7	1.646738556	0.480592195	NA
"502"	"HLA-DR+ Monocytes"	"Immune cell aggregates"	136	104	9.491169055	7.536725912	NA
"503"	"HLA-DR+ Monocytes"	"CD11c+CD163+HLA-DR+ Macrophages"	33	29	2.706437063	-1.365813517	NA
"504"	"HLA-DR+ Monocytes"	"CD11c+HLA-DR+ Macrophages"	25	22	2.971361689	-4.001248574	NA
"505"	"Stromal cells"	"CD11b+PD-L1+ Granulocytes"	57	47	-1.205133401	-4.694750621	NA
"506"	"Stromal cells"	"Regulatory T cells"	10	10	0.612572261	-1.600394778	NA
"507"	"Stromal cells"	"B cells"	5	5	-1.31395572	-2.748580627	NA
"508"	"Stromal cells"	"CD8+ T cells"	74	74	6.628249261	1.659084641	NA
"509"	"Stromal cells"	"CD38+ Plasma B cells"	72	63	4.598668951	-4.061791057	NA
"510"	"Stromal cells"	"CD57+ Tumour cells"	190	138	-15.7663599	-20.76970606	NA
"511"	"Stromal cells"	"PDPN+ Stromal cells"	344	278	2.611472622	8.895700292	NA
"512"	"Stromal cells"	"CD56+ Tumour cells"	1559	816	-38.50846962	-43.09547131	NA
"513"	"Stromal cells"	"Vessels"	492	391	14.17734954	12.72565932	"Both"
"514"	"Stromal cells"	"CD39+ Vessels"	602	447	9.637186605	8.487600684	NA
"515"	"Stromal cells"	"CD39+ Stromal cells"	97	82	2.99374869	2.72158329	NA
"516"	"Stromal cells"	"CD163+HLA-DR+ Macrophages"	1255	945	10.9214198	5.738129103	"Low"
"517"	"Stromal cells"	"CD163+ Macrophages"	323	275	-3.513684306	-5.71049537	NA
"518"	"Stromal cells"	"Tumour cells"	3806	1736	-58.05643658	-76.33656109	NA
"519"	"Stromal cells"	"Granulocytes"	102	91	2.367478356	10.23361703	"High"
"520"	"Stromal cells"	"HLA-DR+ Macrophages"	159	147	4.342314459	2.345826747	NA
"521"	"Stromal cells"	"Monocytes"	355	310	11.72766295	12.06338311	"Both"
"522"	"Stromal cells"	"HLA-DR+ Monocytes"	1483	1136	31.68658624	28.57856909	"Both"
"523"	"Stromal cells"	"Stromal cells"	7786	3282	87.84953228	101.6475897	"Both"
"524"	"Stromal cells"	"Dendritic cells"	589	506	12.75064847	7.6489579	"Low"
"525"	"Stromal cells"	"T cells"	543	493	17.07111333	23.63037726	"Both"
"526"	"Stromal cells"	"CD4+ T cells"	184	168	1.996812982	-0.258297622	NA
"527"	"Stromal cells"	"Ki-67+ T cells"	42	42	4.64434805	5.037089298	NA
"528"	"Stromal cells"	"Ki-67+ Stromal cells"	83	79	9.874675489	27.88815003	"High"
"529"	"Stromal cells"	"CD56- Innate lymphoid cells"	14	14	0.862790481	0.560540516	NA
"530"	"Stromal cells"	"Immune cell aggregates"	63	59	-4.422500368	-6.358332461	NA
"531"	"Stromal cells"	"CD11c+CD163+HLA-DR+ Macrophages"	27	24	-2.899208514	-6.120829435	NA
"532"	"Stromal cells"	"CD11c+HLA-DR+ Macrophages"	19	19	-1.941347526	-4.905963416	NA
"533"	"Dendritic cells"	"CD11b+PD-L1+ Granulocytes"	32	25	4.215332223	0.521133455	NA
"534"	"Dendritic cells"	"Regulatory T cells"	5	5	2.08216077	0.657377375	NA
"535"	"Dendritic cells"	"B cells"	0	0	-1.316463121	6.911289964	NA
"536"	"Dendritic cells"	"CD8+ T cells"	22	20	6.613555582	11.85349967	"High"
"537"	"Dendritic cells"	"CD38+ Plasma B cells"	22	16	6.648529084	9.91150161	NA
"538"	"Dendritic cells"	"CD57+ Tumour cells"	37	25	-7.223081628	-11.95545033	NA
"539"	"Dendritic cells"	"PDPN+ Stromal cells"	99	75	5.050255626	10.77265867	"High"
"540"	"Dendritic cells"	"CD56+ Tumour cells"	173	99	-18.73521843	-30.52042573	NA
"541"	"Dendritic cells"	"Vessels"	103	82	8.919162095	12.61612848	"High"
"542"	"Dendritic cells"	"CD39+ Vessels"	132	99	6.296177775	0.633513936	NA
"543"	"Dendritic cells"	"CD39+ Stromal cells"	24	23	2.174904895	-0.114976835	NA
"544"	"Dendritic cells"	"CD163+HLA-DR+ Macrophages"	503	331	19.82260724	21.1116629	"Both"
"545"	"Dendritic cells"	"CD163+ Macrophages"	165	132	7.15621761	12.07988698	"High"
"546"	"Dendritic cells"	"Tumour cells"	607	279	-30.31154639	-62.47245985	NA
"547"	"Dendritic cells"	"Granulocytes"	40	37	5.133736653	2.914397167	NA
"548"	"Dendritic cells"	"HLA-DR+ Macrophages"	40	37	4.743724837	12.86531291	"High"
"549"	"Dendritic cells"	"Monocytes"	69	65	7.520618019	10.79750641	"High"
"550"	"Dendritic cells"	"HLA-DR+ Monocytes"	303	231	14.93494375	12.42185796	"Both"
"551"	"Dendritic cells"	"Stromal cells"	589	310	11.85382494	0.921060323	"Low"
"552"	"Dendritic cells"	"Dendritic cells"	466	289	42.71702776	44.94172711	"Both"
"553"	"Dendritic cells"	"T cells"	162	124	16.46582993	20.46239746	"Both"
"554"	"Dendritic cells"	"CD4+ T cells"	122	99	14.7776832	17.20914058	"Both"
"555"	"Dendritic cells"	"Ki-67+ T cells"	12	11	5.227711144	11.07928846	"High"
"556"	"Dendritic cells"	"Ki-67+ Stromal cells"	8	7	2.005722527	3.05612965	NA
"557"	"Dendritic cells"	"CD56- Innate lymphoid cells"	1	1	-0.487598209	2.243593248	NA
"558"	"Dendritic cells"	"Immune cell aggregates"	121	98	13.17307406	18.12795513	"Both"
"559"	"Dendritic cells"	"CD11c+CD163+HLA-DR+ Macrophages"	92	63	22.60436532	10.61063223	"Both"
"560"	"Dendritic cells"	"CD11c+HLA-DR+ Macrophages"	43	34	8.180518352	17.08341699	"High"
"561"	"T cells"	"CD11b+PD-L1+ Granulocytes"	11	9	0.479964284	-0.865244142	NA
"562"	"T cells"	"Regulatory T cells"	7	7	5.372554897	4.435185864	NA
"563"	"T cells"	"B cells"	11	9	6.579543746	12.15874353	"High"
"564"	"T cells"	"CD8+ T cells"	22	21	8.713733433	19.24405247	"High"
"565"	"T cells"	"CD38+ Plasma B cells"	14	9	5.695122868	13.84741352	"High"
"566"	"T cells"	"CD57+ Tumour cells"	22	17	-7.240038048	-14.81713976	NA
"567"	"T cells"	"PDPN+ Stromal cells"	133	86	15.89689181	14.84400981	"Both"
"568"	"T cells"	"CD56+ Tumour cells"	174	98	-16.80382697	-36.43919233	NA
"569"	"T cells"	"Vessels"	61	49	8.07482003	10.55263533	"High"
"570"	"T cells"	"CD39+ Vessels"	90	67	6.3718382	3.720654461	NA
"571"	"T cells"	"CD39+ Stromal cells"	9	9	0.182999235	1.549723506	NA
"572"	"T cells"	"CD163+HLA-DR+ Macrophages"	266	179	11.48771334	11.01750147	"Both"
"573"	"T cells"	"CD163+ Macrophages"	123	102	7.687947768	11.0608754	"High"
"574"	"T cells"	"Tumour cells"	337	170	-31.88344476	-47.71485849	NA
"575"	"T cells"	"Granulocytes"	19	18	2.387616757	2.948310008	NA
"576"	"T cells"	"HLA-DR+ Macrophages"	15	14	0.696894745	2.6942324	NA
"577"	"T cells"	"Monocytes"	44	44	5.260436046	4.531748366	NA
"578"	"T cells"	"HLA-DR+ Monocytes"	212	157	13.59252981	18.22567729	"Both"
"579"	"T cells"	"Stromal cells"	543	255	20.81085968	15.22924159	"Both"
"580"	"T cells"	"Dendritic cells"	162	115	17.79547352	20.10672274	"Both"
"581"	"T cells"	"T cells"	208	162	26.9655171	50.86926184	"Both"
"582"	"T cells"	"CD4+ T cells"	87	72	16.60159443	37.28277072	"Both"
"583"	"T cells"	"Ki-67+ T cells"	12	11	8.669044285	16.57034031	"High"
"584"	"T cells"	"Ki-67+ Stromal cells"	6	6	1.708398268	5.400231056	NA
"585"	"T cells"	"CD56- Innate lymphoid cells"	5	3	3.156425676	0.861833059	NA
"586"	"T cells"	"Immune cell aggregates"	89	70	13.47769567	17.16713843	"Both"
"587"	"T cells"	"CD11c+CD163+HLA-DR+ Macrophages"	21	20	4.621169089	-0.294344511	NA
"588"	"T cells"	"CD11c+HLA-DR+ Macrophages"	17	15	4.62329041	1.247702643	NA
"589"	"CD4+ T cells"	"CD11b+PD-L1+ Granulocytes"	23	20	5.665226394	-2.156887815	NA
"590"	"CD4+ T cells"	"Regulatory T cells"	4	4	3.831825789	8.170138024	NA
"591"	"CD4+ T cells"	"B cells"	27	15	16.69776095	21.22296151	"Both"
"592"	"CD4+ T cells"	"CD8+ T cells"	7	6	2.821978311	29.81925865	"High"
"593"	"CD4+ T cells"	"CD38+ Plasma B cells"	9	8	3.633553048	18.23543536	"High"
"594"	"CD4+ T cells"	"CD57+ Tumour cells"	13	9	-6.61605874	-11.42342319	NA
"595"	"CD4+ T cells"	"PDPN+ Stromal cells"	40	34	3.396177301	7.36600205	NA
"596"	"CD4+ T cells"	"CD56+ Tumour cells"	78	52	-14.88855754	-30.5917021	NA
"597"	"CD4+ T cells"	"Vessels"	53	42	8.186076211	2.862255113	NA
"598"	"CD4+ T cells"	"CD39+ Vessels"	81	60	10.45689307	5.551113501	"Low"
"599"	"CD4+ T cells"	"CD39+ Stromal cells"	18	18	4.283469033	1.305968242	NA
"600"	"CD4+ T cells"	"CD163+HLA-DR+ Macrophages"	192	133	12.45869823	7.221851262	"Low"
"601"	"CD4+ T cells"	"CD163+ Macrophages"	127	88	13.91316031	14.94668172	"Both"
"602"	"CD4+ T cells"	"Tumour cells"	234	118	-28.61632859	-58.27832669	NA
"603"	"CD4+ T cells"	"Granulocytes"	8	8	0.489883578	-0.504379267	NA
"604"	"CD4+ T cells"	"HLA-DR+ Macrophages"	11	10	0.893197487	2.038942404	NA
"605"	"CD4+ T cells"	"Monocytes"	40	33	6.631728227	3.342677602	NA
"606"	"CD4+ T cells"	"HLA-DR+ Monocytes"	115	87	7.768727646	9.964845745	NA
"607"	"CD4+ T cells"	"Stromal cells"	184	104	1.683918231	-6.292133124	NA
"608"	"CD4+ T cells"	"Dendritic cells"	122	85	17.09543781	18.64852714	"Both"
"609"	"CD4+ T cells"	"T cells"	87	68	13.4856294	37.6892157	"Both"
"610"	"CD4+ T cells"	"CD4+ T cells"	134	107	33.86532365	66.89399856	"Both"
"611"	"CD4+ T cells"	"Ki-67+ T cells"	6	5	3.575881419	14.07805761	"High"
"612"	"CD4+ T cells"	"Ki-67+ Stromal cells"	1	1	-0.619752224	-1.227609497	NA
"613"	"CD4+ T cells"	"CD56- Innate lymphoid cells"	7	7	6.466477372	1.459072417	NA
"614"	"CD4+ T cells"	"Immune cell aggregates"	134	88	33.16627789	24.38217319	"Both"
"615"	"CD4+ T cells"	"CD11c+CD163+HLA-DR+ Macrophages"	27	19	8.554789971	2.796310335	NA
"616"	"CD4+ T cells"	"CD11c+HLA-DR+ Macrophages"	16	12	4.955135622	3.789257961	NA
"617"	"Ki-67+ T cells"	"CD11b+PD-L1+ Granulocytes"	1	1	0.221334322	2.406171239	NA
"618"	"Ki-67+ T cells"	"Regulatory T cells"	0	0	-0.282609367	0.683229199	NA
"619"	"Ki-67+ T cells"	"B cells"	0	0	-0.442620561	2.74933016	NA
"620"	"Ki-67+ T cells"	"CD8+ T cells"	3	2	5.981444546	9.571439817	NA
"621"	"Ki-67+ T cells"	"CD38+ Plasma B cells"	3	3	3.70720529	1.628466917	NA
"622"	"Ki-67+ T cells"	"CD57+ Tumour cells"	1	1	-2.366488407	-8.157098975	NA
"623"	"Ki-67+ T cells"	"PDPN+ Stromal cells"	8	5	3.238068225	3.212598239	NA
"624"	"Ki-67+ T cells"	"CD56+ Tumour cells"	16	9	-3.816283582	-17.18948301	NA
"625"	"Ki-67+ T cells"	"Vessels"	3	3	0.8503751	10.63861951	"High"
"626"	"Ki-67+ T cells"	"CD39+ Vessels"	3	2	-0.17033071	4.224637748	NA
"627"	"Ki-67+ T cells"	"CD39+ Stromal cells"	2	2	2.06739638	0.558791134	NA
"628"	"Ki-67+ T cells"	"CD163+HLA-DR+ Macrophages"	19	13	3.894305745	6.506612753	NA
"629"	"Ki-67+ T cells"	"CD163+ Macrophages"	1	1	-1.944119384	4.023168884	NA
"630"	"Ki-67+ T cells"	"Tumour cells"	39	17	-7.502968634	-36.04604096	NA
"631"	"Ki-67+ T cells"	"Granulocytes"	0	0	-0.91798158	-0.368225856	NA
"632"	"Ki-67+ T cells"	"HLA-DR+ Macrophages"	3	3	1.769478151	2.006259928	NA
"633"	"Ki-67+ T cells"	"Monocytes"	1	1	-0.456146099	2.397176841	NA
"634"	"Ki-67+ T cells"	"HLA-DR+ Monocytes"	9	7	1.487356688	7.947088261	NA
"635"	"Ki-67+ T cells"	"Stromal cells"	42	18	6.293731185	1.425004012	NA
"636"	"Ki-67+ T cells"	"Dendritic cells"	12	11	5.156646912	13.08090977	"High"
"637"	"Ki-67+ T cells"	"T cells"	12	11	6.844496657	23.19437522	"High"
"638"	"Ki-67+ T cells"	"CD4+ T cells"	6	4	2.847957414	13.45144786	"High"
"639"	"Ki-67+ T cells"	"Ki-67+ T cells"	4	4	7.925012387	14.28482977	"High"
"640"	"Ki-67+ T cells"	"Ki-67+ Stromal cells"	0	0	-0.345964721	11.24753745	"High"
"641"	"Ki-67+ T cells"	"CD56- Innate lymphoid cells"	0	0	-0.250001845	1.95302893	NA
"642"	"Ki-67+ T cells"	"Immune cell aggregates"	11	7	7.890505576	9.711602523	NA
"643"	"Ki-67+ T cells"	"CD11c+CD163+HLA-DR+ Macrophages"	0	0	-0.919832785	3.442450369	NA
"644"	"Ki-67+ T cells"	"CD11c+HLA-DR+ Macrophages"	2	1	3.208072756	5.762184876	NA
"645"	"Ki-67+ Stromal cells"	"CD11b+PD-L1+ Granulocytes"	0	0	-0.960276465	-3.606371863	NA
"646"	"Ki-67+ Stromal cells"	"Regulatory T cells"	0	0	-0.291813069	-0.572892257	NA
"647"	"Ki-67+ Stromal cells"	"B cells"	0	0	-0.533800566	-1.209872431	NA
"648"	"Ki-67+ Stromal cells"	"CD8+ T cells"	1	1	1.070133988	-1.162049385	NA
"649"	"Ki-67+ Stromal cells"	"CD38+ Plasma B cells"	0	0	-0.624464383	-2.138884876	NA
"650"	"Ki-67+ Stromal cells"	"CD57+ Tumour cells"	2	2	-2.281522456	-7.778711994	NA
"651"	"Ki-67+ Stromal cells"	"PDPN+ Stromal cells"	3	2	0	4.946169508	NA
"652"	"Ki-67+ Stromal cells"	"CD56+ Tumour cells"	16	7	-5.80684574	-18.77835195	NA
"653"	"Ki-67+ Stromal cells"	"Vessels"	11	9	6.330090616	11.90994094	"High"
"654"	"Ki-67+ Stromal cells"	"CD39+ Vessels"	8	6	2.076079652	1.252720273	NA
"655"	"Ki-67+ Stromal cells"	"CD39+ Stromal cells"	0	0	-0.833550202	-3.329779975	NA
"656"	"Ki-67+ Stromal cells"	"CD163+HLA-DR+ Macrophages"	16	13	2.505024767	9.579118996	NA
"657"	"Ki-67+ Stromal cells"	"CD163+ Macrophages"	3	3	-1.089097178	-3.403941334	NA
"658"	"Ki-67+ Stromal cells"	"Tumour cells"	51	23	-7.817772573	-44.21185149	NA
"659"	"Ki-67+ Stromal cells"	"Granulocytes"	1	1	0.276936957	2.512944363	NA
"660"	"Ki-67+ Stromal cells"	"HLA-DR+ Macrophages"	1	1	-0.021867277	3.447272838	NA
"661"	"Ki-67+ Stromal cells"	"Monocytes"	4	3	1.521665509	8.284646896	NA
"662"	"Ki-67+ Stromal cells"	"HLA-DR+ Monocytes"	13	12	2.546942057	16.31097354	"High"
"663"	"Ki-67+ Stromal cells"	"Stromal cells"	83	36	13.32054825	30.04595708	"Both"
"664"	"Ki-67+ Stromal cells"	"Dendritic cells"	8	8	2.424442879	3.771453012	NA
"665"	"Ki-67+ Stromal cells"	"T cells"	6	3	2.599564944	5.626830496	NA
"666"	"Ki-67+ Stromal cells"	"CD4+ T cells"	1	1	-0.533874105	-1.188018588	NA
"667"	"Ki-67+ Stromal cells"	"Ki-67+ T cells"	0	0	-0.442620561	9.736280549	NA
"668"	"Ki-67+ Stromal cells"	"Ki-67+ Stromal cells"	6	6	14.99278508	37.25123376	"Both"
"669"	"Ki-67+ Stromal cells"	"CD56- Innate lymphoid cells"	0	0	-0.329873799	0.703752267	NA
"670"	"Ki-67+ Stromal cells"	"Immune cell aggregates"	1	1	-0.506401592	-1.642354494	NA
"671"	"Ki-67+ Stromal cells"	"CD11c+CD163+HLA-DR+ Macrophages"	0	0	-0.769766341	-2.560575076	NA
"672"	"Ki-67+ Stromal cells"	"CD11c+HLA-DR+ Macrophages"	0	0	-0.596873077	-2.898331701	NA
"673"	"CD56- Innate lymphoid cells"	"CD11b+PD-L1+ Granulocytes"	1	1	1.158368187	2.443025645	NA
"674"	"CD56- Innate lymphoid cells"	"Regulatory T cells"	1	1	6.924753277	2.452868571	NA
"675"	"CD56- Innate lymphoid cells"	"B cells"	0	0	-0.141321371	-0.563813006	NA
"676"	"CD56- Innate lymphoid cells"	"CD8+ T cells"	1	1	2.452868571	4.645733979	NA
"677"	"CD56- Innate lymphoid cells"	"CD38+ Plasma B cells"	0	0	-0.434105581	-1.075536284	NA
"678"	"CD56- Innate lymphoid cells"	"CD57+ Tumour cells"	0	0	-1.89197733	-1.689023542	NA
"679"	"CD56- Innate lymphoid cells"	"PDPN+ Stromal cells"	2	2	1.374762661	-0.648947248	NA
"680"	"CD56- Innate lymphoid cells"	"CD56+ Tumour cells"	2	1	-3.208242461	-3.27127396	NA
"681"	"CD56- Innate lymphoid cells"	"Vessels"	0	0	-0.708962229	-0.938425451	NA
"682"	"CD56- Innate lymphoid cells"	"CD39+ Vessels"	5	3	4.270698684	3.221705774	NA
"683"	"CD56- Innate lymphoid cells"	"CD39+ Stromal cells"	0	0	-0.522245027	-0.737755618	NA
"684"	"CD56- Innate lymphoid cells"	"CD163+HLA-DR+ Macrophages"	5	1	1.208431347	3.163426033	NA
"685"	"CD56- Innate lymphoid cells"	"CD163+ Macrophages"	4	4	2.155629165	0.053144449	NA
"686"	"CD56- Innate lymphoid cells"	"Tumour cells"	12	7	-4.982161243	-7.974085598	NA
"687"	"CD56- Innate lymphoid cells"	"Granulocytes"	0	0	-0.624464383	-0.986266882	NA
"688"	"CD56- Innate lymphoid cells"	"HLA-DR+ Macrophages"	1	1	1.286566646	-0.390120711	NA
"689"	"CD56- Innate lymphoid cells"	"Monocytes"	2	2	1.942422328	0.662675019	NA
"690"	"CD56- Innate lymphoid cells"	"HLA-DR+ Monocytes"	7	5	4.747727061	1.73808261	NA
"691"	"CD56- Innate lymphoid cells"	"Stromal cells"	14	7	2.986154363	2.214163464	NA
"692"	"CD56- Innate lymphoid cells"	"Dendritic cells"	1	1	-0.294678266	4.03002782	NA
"693"	"CD56- Innate lymphoid cells"	"T cells"	5	3	5.643659637	2.943770383	NA
"694"	"CD56- Innate lymphoid cells"	"CD4+ T cells"	7	5	9.473887365	3.849588312	NA
"695"	"CD56- Innate lymphoid cells"	"Ki-67+ T cells"	0	0	-0.250001845	3.554413657	NA
"696"	"CD56- Innate lymphoid cells"	"Ki-67+ Stromal cells"	0	0	-0.379190254	1.180496386	NA
"697"	"CD56- Innate lymphoid cells"	"CD56- Innate lymphoid cells"	2	2	9.896553372	-0.365451169	NA
"698"	"CD56- Innate lymphoid cells"	"Immune cell aggregates"	0	0	-0.583742104	4.566891573	NA
"699"	"CD56- Innate lymphoid cells"	"CD11c+CD163+HLA-DR+ Macrophages"	2	1	8.083404306	-0.810959554	NA
"700"	"CD56- Innate lymphoid cells"	"CD11c+HLA-DR+ Macrophages"	0	0	-0.473352836	1.191588063	NA
"701"	"Immune cell aggregates"	"CD11b+PD-L1+ Granulocytes"	39	32	9.108822276	4.978540856	NA
"702"	"Immune cell aggregates"	"Regulatory T cells"	4	4	2.191748179	4.597721428	NA
"703"	"Immune cell aggregates"	"B cells"	40	20	30.12048614	8.797808429	"Low"
"704"	"Immune cell aggregates"	"CD8+ T cells"	14	13	5.99974447	13.19271749	"High"
"705"	"Immune cell aggregates"	"CD38+ Plasma B cells"	14	10	3.742532345	9.418393625	NA
"706"	"Immune cell aggregates"	"CD57+ Tumour cells"	6	5	-6.761171194	-10.50972809	NA
"707"	"Immune cell aggregates"	"PDPN+ Stromal cells"	85	61	8.974867967	2.238502079	NA
"708"	"Immune cell aggregates"	"CD56+ Tumour cells"	74	51	-17.86279008	-25.62823676	NA
"709"	"Immune cell aggregates"	"Vessels"	31	24	3.062224911	4.721337836	NA
"710"	"Immune cell aggregates"	"CD39+ Vessels"	81	60	7.000738971	3.216558037	NA
"711"	"Immune cell aggregates"	"CD39+ Stromal cells"	16	16	3.508550711	0.924675052	NA
"712"	"Immune cell aggregates"	"CD163+HLA-DR+ Macrophages"	358	204	21.37371667	22.25378177	"Both"
"713"	"Immune cell aggregates"	"CD163+ Macrophages"	262	157	25.99168964	30.53230513	"Both"
"714"	"Immune cell aggregates"	"Tumour cells"	237	120	-34.53523661	-49.22354152	NA
"715"	"Immune cell aggregates"	"Granulocytes"	22	19	4.768275584	-1.391921314	NA
"716"	"Immune cell aggregates"	"HLA-DR+ Macrophages"	24	17	3.464059552	3.519920988	NA
"717"	"Immune cell aggregates"	"Monocytes"	12	11	-0.999536447	4.450204812	NA
"718"	"Immune cell aggregates"	"HLA-DR+ Monocytes"	136	113	9.0881889	5.571322613	NA
"719"	"Immune cell aggregates"	"Stromal cells"	63	47	-5.985206354	-15.29528536	NA
"720"	"Immune cell aggregates"	"Dendritic cells"	121	90	12.09609387	16.22456509	"Both"
"721"	"Immune cell aggregates"	"T cells"	89	68	13.15546711	15.24338372	"Both"
"722"	"Immune cell aggregates"	"CD4+ T cells"	134	96	21.99696059	24.64055	"Both"
"723"	"Immune cell aggregates"	"Ki-67+ T cells"	11	7	6.96536949	8.105367043	NA
"724"	"Immune cell aggregates"	"Ki-67+ Stromal cells"	1	1	-0.447495355	-2.374775698	NA
"725"	"Immune cell aggregates"	"CD56- Innate lymphoid cells"	0	0	-0.951352777	1.563710078	NA
"726"	"Immune cell aggregates"	"Immune cell aggregates"	282	159	57.96394702	74.32300382	"Both"
"727"	"Immune cell aggregates"	"CD11c+CD163+HLA-DR+ Macrophages"	71	45	21.2182946	29.17112457	"Both"
"728"	"Immune cell aggregates"	"CD11c+HLA-DR+ Macrophages"	40	34	14.70032572	31.64274562	"Both"
"729"	"CD11c+CD163+HLA-DR+ Macrophages"	"CD11b+PD-L1+ Granulocytes"	5	5	0.680891504	-1.491288202	NA
"730"	"CD11c+CD163+HLA-DR+ Macrophages"	"Regulatory T cells"	0	0	-0.549050031	1.839467581	NA
"731"	"CD11c+CD163+HLA-DR+ Macrophages"	"B cells"	1	1	0.12167243	2.636985035	NA
"732"	"CD11c+CD163+HLA-DR+ Macrophages"	"CD8+ T cells"	1	1	0.01501018	1.402141835	NA
"733"	"CD11c+CD163+HLA-DR+ Macrophages"	"CD38+ Plasma B cells"	3	3	1.119921377	1.116708284	NA
"734"	"CD11c+CD163+HLA-DR+ Macrophages"	"CD57+ Tumour cells"	3	3	-4.172453268	-5.756768438	NA
"735"	"CD11c+CD163+HLA-DR+ Macrophages"	"PDPN+ Stromal cells"	6	6	-0.955657643	-1.220296599	NA
"736"	"CD11c+CD163+HLA-DR+ Macrophages"	"CD56+ Tumour cells"	31	15	-7.464742441	-11.8969726	NA
"737"	"CD11c+CD163+HLA-DR+ Macrophages"	"Vessels"	4	4	-0.924468577	-0.398778526	NA
"738"	"CD11c+CD163+HLA-DR+ Macrophages"	"CD39+ Vessels"	36	27	5.148642464	-1.286305017	NA
"739"	"CD11c+CD163+HLA-DR+ Macrophages"	"CD39+ Stromal cells"	10	9	2.368920854	-1.240986543	NA
"740"	"CD11c+CD163+HLA-DR+ Macrophages"	"CD163+HLA-DR+ Macrophages"	162	81	24.21953863	16.10562973	"Both"
"741"	"CD11c+CD163+HLA-DR+ Macrophages"	"CD163+ Macrophages"	99	60	14.06548525	5.916023027	"Low"
"742"	"CD11c+CD163+HLA-DR+ Macrophages"	"Tumour cells"	91	51	-18.67949842	-23.96992993	NA
"743"	"CD11c+CD163+HLA-DR+ Macrophages"	"Granulocytes"	4	4	0.028222894	-2.612985831	NA
"744"	"CD11c+CD163+HLA-DR+ Macrophages"	"HLA-DR+ Macrophages"	13	10	2.965888683	-1.162856901	NA
"745"	"CD11c+CD163+HLA-DR+ Macrophages"	"Monocytes"	6	6	-0.301752162	-0.78838022	NA
"746"	"CD11c+CD163+HLA-DR+ Macrophages"	"HLA-DR+ Monocytes"	33	26	1.692686355	-1.286193294	NA
"747"	"CD11c+CD163+HLA-DR+ Macrophages"	"Stromal cells"	27	22	-4.977664044	-9.032242612	NA
"748"	"CD11c+CD163+HLA-DR+ Macrophages"	"Dendritic cells"	92	57	18.7005702	8.471464508	"Low"
"749"	"CD11c+CD163+HLA-DR+ Macrophages"	"T cells"	21	19	3.181047134	-0.530644041	NA
"750"	"CD11c+CD163+HLA-DR+ Macrophages"	"CD4+ T cells"	27	25	5.497726939	1.955475519	NA
"751"	"CD11c+CD163+HLA-DR+ Macrophages"	"Ki-67+ T cells"	0	0	-0.719800762	2.659513457	NA
"752"	"CD11c+CD163+HLA-DR+ Macrophages"	"Ki-67+ Stromal cells"	0	0	-0.652905632	-1.674952117	NA
"753"	"CD11c+CD163+HLA-DR+ Macrophages"	"CD56- Innate lymphoid cells"	2	2	2.161286019	-0.879077979	NA
"754"	"CD11c+CD163+HLA-DR+ Macrophages"	"Immune cell aggregates"	71	47	17.22837388	23.60237583	"Both"
"755"	"CD11c+CD163+HLA-DR+ Macrophages"	"CD11c+CD163+HLA-DR+ Macrophages"	128	76	68.99848976	92.58799624	"Both"
"756"	"CD11c+CD163+HLA-DR+ Macrophages"	"CD11c+HLA-DR+ Macrophages"	37	27	15.45989982	39.20468695	"Both"
"757"	"CD11c+HLA-DR+ Macrophages"	"CD11b+PD-L1+ Granulocytes"	8	6	3.007409993	-2.422590259	NA
"758"	"CD11c+HLA-DR+ Macrophages"	"Regulatory T cells"	1	1	0.91798158	1.601158453	NA
"759"	"CD11c+HLA-DR+ Macrophages"	"B cells"	1	1	1.032858147	7.917828182	NA
"760"	"CD11c+HLA-DR+ Macrophages"	"CD8+ T cells"	0	0	-0.633669499	2.255345363	NA
"761"	"CD11c+HLA-DR+ Macrophages"	"CD38+ Plasma B cells"	1	1	0.087152608	2.793411197	NA
"762"	"CD11c+HLA-DR+ Macrophages"	"CD57+ Tumour cells"	1	1	-3.977800913	-4.331311877	NA
"763"	"CD11c+HLA-DR+ Macrophages"	"PDPN+ Stromal cells"	13	12	1.783761708	2.814709253	NA
"764"	"CD11c+HLA-DR+ Macrophages"	"CD56+ Tumour cells"	33	21	-7.459976542	-12.33301707	NA
"765"	"CD11c+HLA-DR+ Macrophages"	"Vessels"	6	5	0.80650761	-1.722101997	NA
"766"	"CD11c+HLA-DR+ Macrophages"	"CD39+ Vessels"	22	13	3.788819555	1.679901864	NA
"767"	"CD11c+HLA-DR+ Macrophages"	"CD39+ Stromal cells"	6	6	3.384142344	-0.099699652	NA
"768"	"CD11c+HLA-DR+ Macrophages"	"CD163+HLA-DR+ Macrophages"	69	40	8.336887945	4.534194955	NA
"769"	"CD11c+HLA-DR+ Macrophages"	"CD163+ Macrophages"	45	29	9.704941577	2.599904355	NA
"770"	"CD11c+HLA-DR+ Macrophages"	"Tumour cells"	76	39	-15.69734628	-21.50594564	NA
"771"	"CD11c+HLA-DR+ Macrophages"	"Granulocytes"	2	2	0.214489528	-3.060853124	NA
"772"	"CD11c+HLA-DR+ Macrophages"	"HLA-DR+ Macrophages"	15	10	7.340164369	1.545664713	NA
"773"	"CD11c+HLA-DR+ Macrophages"	"Monocytes"	1	1	-1.23944505	-1.622159525	NA
"774"	"CD11c+HLA-DR+ Macrophages"	"HLA-DR+ Monocytes"	25	21	2.283304365	-4.604240953	NA
"775"	"CD11c+HLA-DR+ Macrophages"	"Stromal cells"	19	12	-3.576531957	-7.237690454	NA
"776"	"CD11c+HLA-DR+ Macrophages"	"Dendritic cells"	43	31	10.31731019	11.93265321	"Both"
"777"	"CD11c+HLA-DR+ Macrophages"	"T cells"	17	15	4.794636525	0.535172353	NA
"778"	"CD11c+HLA-DR+ Macrophages"	"CD4+ T cells"	16	15	6.328846108	2.944816901	NA
"779"	"CD11c+HLA-DR+ Macrophages"	"Ki-67+ T cells"	2	2	1.954273438	3.76865287	NA
"780"	"CD11c+HLA-DR+ Macrophages"	"Ki-67+ Stromal cells"	0	0	-0.573439558	-2.314445348	NA
"781"	"CD11c+HLA-DR+ Macrophages"	"CD56- Innate lymphoid cells"	0	0	-0.580586993	0.267927002	NA
"782"	"CD11c+HLA-DR+ Macrophages"	"Immune cell aggregates"	40	25	16.65632449	19.77791809	"Both"
"783"	"CD11c+HLA-DR+ Macrophages"	"CD11c+CD163+HLA-DR+ Macrophages"	37	26	26.22248929	37.55528968	"Both"
"784"	"CD11c+HLA-DR+ Macrophages"	"CD11c+HLA-DR+ Macrophages"	60	35	56.44055617	96.09750862	"Both"
