"L_ID"	"order"
"1"	"L5436"	1
"2"	"L7229"	2
"3"	"L7235"	3
"4"	"L5343"	4
"5"	"L7234"	5
"6"	"L6050"	6
"7"	"L7238"	7
"8"	"L7205"	8
"9"	"L5327"	9
"10"	"L6737"	10
"11"	"L7230"	11
"12"	"L6371"	12
"13"	"L6986"	13
"14"	"L4716"	14
"15"	"L3382"	15
"16"	"L7233"	16
"17"	"L6617"	17
"18"	"L7231"	18
"19"	"L6787"	19
"20"	"L3034"	20
"21"	"L7236"	21
"22"	"L3561"	22
"23"	"L7249"	23
"24"	"L3250"	24
"25"	"L5651"	25
"26"	"L3356"	26
"27"	"L3770"	27
"28"	"L7232"	28
"29"	"L3519"	29
"30"	"L6325"	30
"31"	"L4797"	31
"32"	"L6473"	32
